City_ID,City,Country,Date,Lat,Lng,Max Temp,Humidity,Cloudiness,Wind Speed
0,Puerto Carreno,CO,2022-06-03 21:08:51,6.189,-67.4859,79.11,77,100,3.0
1,Vaini,TO,2022-06-03 21:05:07,-21.2,-175.2,77.54,79,0,5.35
2,Mataura,NZ,2022-06-03 21:08:51,-46.1927,168.8643,37.47,95,47,2.86
3,Margate,GB,2022-06-03 21:08:52,51.3813,1.3862,58.69,85,95,5.99
4,Puerto Ayora,EC,2022-06-03 21:07:24,-0.7393,-90.3518,78.76,92,98,8.01
5,Touros,BR,2022-06-03 21:08:52,-5.1989,-35.4608,78.19,82,100,7.45
6,Kruisfontein,ZA,2022-06-03 21:08:52,-34.0033,24.7314,55.51,28,2,6.6
7,Great Yarmouth,GB,2022-06-03 21:08:53,52.6083,1.7305,56.44,82,15,19.93
8,Camacha,PT,2022-06-03 21:08:53,33.0833,-16.3333,63.82,72,40,11.5
9,Khatanga,RU,2022-06-03 21:08:54,71.9667,102.5,33.22,90,100,21.27
10,Albany,US,2022-06-03 21:06:31,42.6001,-73.9662,78.58,42,2,1.01
11,Hilo,US,2022-06-03 21:04:44,19.7297,-155.09,90.28,79,100,6.91
12,Yellowknife,CA,2022-06-03 21:08:54,62.456,-114.3525,62.56,39,17,15.01
13,Torrington,US,2022-06-03 21:08:54,41.8007,-73.1212,81.14,54,61,1.99
14,Kirakira,SB,2022-06-03 21:08:55,-10.4544,161.9205,81.77,79,100,9.22
15,Butaritari,KI,2022-06-03 21:08:55,3.0707,172.7902,80.47,76,35,6.82
16,Hirson,FR,2022-06-03 21:08:55,49.9226,4.0826,64.42,90,100,6.91
17,Sorong,ID,2022-06-03 21:08:56,-0.8833,131.25,79.59,82,54,7.67
18,Kapaa,US,2022-06-03 21:06:27,22.0752,-159.319,82.11,72,0,11.5
19,Ushuaia,AR,2022-06-03 21:00:23,-54.8,-68.3,35.76,84,100,12.37
20,Sao Francisco,BR,2022-06-03 21:06:50,-15.9486,-44.8644,78.76,31,98,4.23
21,Qaanaaq,GL,2022-06-03 21:08:56,77.484,-69.3632,27.16,69,96,3.98
22,Saint-Pierre,RE,2022-06-03 21:08:57,-21.3393,55.4781,73.08,68,0,19.57
23,Shimoda,JP,2022-06-03 21:08:57,34.6667,138.95,66.07,80,91,12.24
24,Port Alfred,ZA,2022-06-03 21:08:57,-33.5906,26.891,64.4,32,45,9.66
25,Lavrentiya,RU,2022-06-03 21:08:58,65.5833,-171.0,46.67,61,74,7.09
26,Three Hills,CA,2022-06-03 21:08:58,51.7001,-113.2686,68.85,23,93,15.88
27,Naruja,GE,2022-06-03 21:08:58,41.9069,41.9542,68.32,84,46,4.65
28,Kahului,US,2022-06-03 21:08:59,20.8947,-156.47,84.22,64,40,20.71
29,Busselton,AU,2022-06-03 21:05:05,-33.65,115.3333,56.28,64,88,8.32
30,Norman Wells,CA,2022-06-03 21:06:21,65.282,-126.8329,56.73,55,99,17.27
31,Vanimo,PG,2022-06-03 21:08:59,-2.6741,141.3028,77.65,88,100,4.99
32,Aklavik,CA,2022-06-03 21:06:24,68.2191,-135.0107,37.31,64,98,16.33
33,Sao Joao Da Barra,BR,2022-06-03 21:05:09,-21.6403,-41.0511,73.49,77,82,16.26
34,Bredasdorp,ZA,2022-06-03 21:06:20,-34.5322,20.0403,51.12,87,86,4.36
35,Bambous Virieux,MU,2022-06-03 21:05:06,-20.3428,57.7575,74.21,73,73,17.92
36,Atuona,PF,2022-06-03 21:09:00,-9.8,-139.0333,76.5,81,19,12.39
37,Betanzos,ES,2022-06-03 21:09:00,43.2804,-8.2147,63.5,87,75,2.3
38,Cherskiy,RU,2022-06-03 21:09:01,68.75,161.3,36.48,56,48,11.14
39,Umm Lajj,SA,2022-06-03 21:09:01,25.0213,37.2685,85.48,45,19,8.63
40,Matara,LK,2022-06-03 21:09:02,5.9485,80.5353,77.99,88,100,13.42
41,Ahuimanu,US,2022-06-03 21:09:02,21.4447,-157.8378,83.91,61,0,13.8
42,Shintomi,JP,2022-06-03 21:09:02,32.0785,131.4723,65.97,89,40,3.06
43,Oum Hadjer,TD,2022-06-03 21:09:03,13.2954,19.6966,94.37,25,96,2.66
44,Hermanus,ZA,2022-06-03 21:05:10,-34.4187,19.2345,56.14,81,47,3.91
45,Cabo San Lucas,MX,2022-06-03 21:05:37,22.8909,-109.9124,86.31,42,0,6.91
46,Luderitz,NA,2022-06-03 21:10:03,-26.6481,15.1594,65.93,28,0,6.15
47,San Quintin,MX,2022-06-03 21:10:04,30.4833,-115.95,67.03,67,8,11.86
48,New Norfolk,AU,2022-06-03 21:05:19,-42.7826,147.0587,47.7,87,72,3.53
49,Norden,DE,2022-06-03 21:10:04,53.6,7.2,53.94,82,100,16.08
50,Andros Town,BS,2022-06-03 21:10:04,24.7,-77.7667,80.56,72,100,15.46
51,Kindu,CD,2022-06-03 21:10:05,-2.95,25.95,71.29,81,47,2.26
52,Ginda,IN,2022-06-03 21:10:05,30.6945,78.4932,62.58,23,0,8.46
53,Ponta Do Sol,PT,2022-06-03 21:10:06,32.6667,-17.1,66.83,74,50,5.1
54,Mitsamiouli,KM,2022-06-03 21:10:06,-11.3847,43.2844,78.66,72,21,3.51
55,San Luis,AR,2022-06-03 21:10:06,-33.295,-66.3356,51.62,47,98,10.51
56,Punta Arenas,CL,2022-06-03 21:02:31,-53.15,-70.9167,41.11,60,100,21.74
57,Arraial Do Cabo,BR,2022-06-03 21:08:21,-22.9661,-42.0278,69.66,94,75,10.36
58,Fort Nelson,CA,2022-06-03 21:06:20,58.8053,-122.7002,77.4,21,38,7.07
59,Kautokeino,NO,2022-06-03 21:10:07,69.0125,23.0412,50.09,91,97,7.02
60,Saint-Philippe,RE,2022-06-03 21:06:35,-21.3585,55.7679,72.99,76,37,12.59
61,Tasiilaq,GL,2022-06-03 21:06:33,65.6145,-37.6368,30.36,71,2,5.84
62,Izhma,RU,2022-06-03 21:10:08,65.0083,53.9113,40.24,52,0,5.79
63,Avarua,CK,2022-06-03 21:05:09,-21.2078,-159.775,78.85,65,100,18.41
64,Tiksi,RU,2022-06-03 21:10:08,71.6872,128.8694,38.61,96,100,6.06
65,Cape Town,ZA,2022-06-03 21:03:07,-33.9258,18.4232,62.38,84,50,1.01
66,Andenes,NO,2022-06-03 21:10:08,69.3143,16.1194,51.78,87,75,13.8
67,Katherine,AU,2022-06-03 21:10:09,-14.4667,132.2667,71.92,78,99,8.05
68,Katangli,RU,2022-06-03 21:10:09,51.7102,143.2326,42.64,79,65,9.13
69,East London,ZA,2022-06-03 21:10:09,-33.0153,27.9116,63.64,31,63,6.67
70,Mahebourg,MU,2022-06-03 21:05:11,-20.4081,57.7,74.25,74,59,17.63
71,Areosa,PT,2022-06-03 21:10:10,41.7178,-8.8571,61.0,90,34,5.64
72,Los Llanos De Aridane,ES,2022-06-03 21:10:10,28.6585,-17.9182,65.95,87,40,17.27
73,Sao Pedro Da Aldeia,BR,2022-06-03 21:10:10,-22.8392,-42.1028,69.78,94,75,10.36
74,Airai,TL,2022-06-03 21:06:33,-8.9266,125.4092,57.78,89,54,2.26
75,Oyama,JP,2022-06-03 21:10:11,36.3,139.8,67.59,65,66,1.74
76,Antequera,ES,2022-06-03 21:10:11,37.0194,-4.5612,72.9,64,0,6.29
77,Matadi,CD,2022-06-03 21:10:12,-5.8167,13.45,76.06,75,29,3.58
78,Jamestown,US,2022-06-03 21:05:08,42.097,-79.2353,73.53,37,0,9.22
79,Alyangula,AU,2022-06-03 21:10:12,-13.8483,136.4192,76.66,86,100,8.52
80,Methoni,GR,2022-06-03 21:10:12,36.8197,21.7049,80.22,58,2,6.13
81,Rikitea,PF,2022-06-03 21:05:09,-23.1203,-134.9692,76.53,70,87,13.53
82,Hualmay,PE,2022-06-03 21:10:13,-11.0964,-77.6139,68.43,72,89,7.09
83,Berdigestyakh,RU,2022-06-03 21:10:14,62.0989,126.6992,59.04,62,1,5.35
84,Montrose,US,2022-06-03 21:05:54,38.4166,-108.2673,72.81,11,100,16.73
85,Mayumba,GA,2022-06-03 21:10:14,-3.432,10.6554,73.94,90,61,4.83
86,The Valley,AI,2022-06-03 21:09:26,18.217,-63.0578,84.81,71,74,12.8
87,Kuchinarai,TH,2022-06-03 21:10:15,16.541,104.05,78.1,86,100,9.08
88,Saldanha,ZA,2022-06-03 21:10:15,-33.0117,17.9442,57.78,82,35,7.85
89,Hirara,JP,2022-06-03 21:10:15,24.8,125.2833,81.23,88,100,14.34
90,Taminango,CO,2022-06-03 21:07:07,1.5749,-77.2867,64.63,89,99,3.11
91,Victoria,HK,2022-06-03 21:06:23,22.2855,114.1577,84.38,86,99,13.0
92,Verkhovazhye,RU,2022-06-03 21:11:16,60.7472,42.0465,60.49,98,100,4.76
93,Henties Bay,NA,2022-06-03 21:11:16,-22.116,14.2845,69.46,38,7,8.93
94,Suhbaatar,MN,2022-06-03 21:11:17,50.2314,106.2078,46.69,88,100,7.27
95,Bluff,NZ,2022-06-03 21:05:18,-46.6,168.3333,37.8,81,84,10.56
96,Nuuk,GL,2022-06-03 21:11:17,64.1835,-51.7216,56.01,24,40,8.05
97,Lebu,CL,2022-06-03 21:06:23,-37.6167,-73.65,53.06,93,99,16.04
98,Esperance,AU,2022-06-03 21:11:17,-33.8667,121.9,51.64,75,90,16.71
99,Klaksvik,FO,2022-06-03 21:11:18,62.2266,-6.589,50.92,82,100,9.46
100,Havoysund,NO,2022-06-03 21:11:18,70.9963,24.6622,50.23,85,100,9.64
101,Castrillon,ES,2022-06-03 21:11:18,43.3979,-6.7922,56.21,98,80,1.99
102,Souillac,MU,2022-06-03 21:11:19,-20.5167,57.5167,73.29,77,56,15.46
103,Diego De Almagro,CL,2022-06-03 21:11:19,-26.3667,-70.05,68.59,14,91,7.34
104,Kodiak,US,2022-06-03 21:05:06,57.79,-152.4072,63.91,48,0,6.91
105,Gizo,SB,2022-06-03 21:11:20,-8.103,156.8419,82.04,75,87,6.02
106,Husavik,IS,2022-06-03 21:11:20,66.0449,-17.3389,46.0,71,100,8.84
107,Torbay,CA,2022-06-03 21:05:13,47.6666,-52.7314,51.28,93,100,23.02
108,Elko,US,2022-06-03 21:11:20,41.0002,-115.5012,79.05,21,100,15.86
109,Bennington,US,2022-06-03 21:10:45,42.8781,-73.1968,79.02,35,3,9.57
110,Shaunavon,CA,2022-06-03 21:11:21,49.6501,-108.4181,69.67,21,100,8.68
111,Fatsa,TR,2022-06-03 21:11:21,41.0278,37.5014,66.0,90,3,4.23
112,Khovu-Aksy,RU,2022-06-03 21:11:22,51.1333,93.6,43.56,48,62,4.85
113,Kunming,CN,2022-06-03 21:11:22,25.0389,102.7183,62.87,92,67,3.96
114,Polovinnoye,RU,2022-06-03 21:11:22,54.7914,65.9864,48.25,74,33,7.49
115,Stawell,AU,2022-06-03 21:11:23,-37.05,142.7667,43.23,98,56,6.55
116,Leningradskiy,RU,2022-06-03 21:11:23,69.3833,178.4167,33.93,80,100,5.5
117,Mafeteng,LS,2022-06-03 21:11:23,-29.823,27.2374,41.79,38,0,2.28
118,Nikolskoye,RU,2022-06-03 21:11:24,59.7035,30.7861,53.49,95,98,5.28
119,Hobart,AU,2022-06-03 21:05:10,-42.8794,147.3294,48.06,84,40,8.05
120,Griffith,US,2022-06-03 21:11:24,41.5284,-87.4237,82.33,25,0,16.11
121,Marsh Harbour,BS,2022-06-03 21:11:24,26.5412,-77.0636,77.07,70,100,12.26
122,Sistranda,NO,2022-06-03 21:11:25,63.7256,8.834,48.16,93,100,15.23
123,Hope,US,2022-06-03 21:11:25,33.6671,-93.5916,82.45,38,30,6.33
124,Potosi,BO,2022-06-03 21:11:26,-19.5836,-65.7531,52.47,22,53,10.96
125,Bratsk,RU,2022-06-03 21:11:26,56.1325,101.6142,43.29,93,29,2.19
126,Clyde River,CA,2022-06-03 21:11:26,70.4692,-68.5914,32.83,95,100,2.66
127,Dikson,RU,2022-06-03 21:06:23,73.5069,80.5464,25.0,87,19,18.63
128,Fukuma,JP,2022-06-03 21:11:27,33.7667,130.4667,65.28,84,6,6.31
129,Rawson,AR,2022-06-03 21:10:49,-43.3002,-65.1023,51.24,50,100,20.74
130,Conde,BR,2022-06-03 21:11:27,-7.2597,-34.9075,74.66,94,0,2.3
131,Anuppur,IN,2022-06-03 21:11:27,23.1,81.6833,88.11,22,100,2.28
132,Bilma,NE,2022-06-03 21:11:28,18.6853,12.9164,91.29,10,1,4.83
133,Muriwai Beach,NZ,2022-06-03 21:11:28,-36.8167,174.45,55.35,98,96,1.25
134,Chokurdakh,RU,2022-06-03 21:06:28,70.6333,147.9167,37.44,64,100,14.56
135,Provideniya,RU,2022-06-03 21:11:29,64.3833,-173.3,50.43,59,99,4.59
136,Longyearbyen,SJ,2022-06-03 21:11:29,78.2186,15.6401,44.44,81,0,5.75
137,Chuy,UY,2022-06-03 21:05:17,-33.6971,-53.4616,48.06,82,12,5.7
138,Urumqi,CN,2022-06-03 21:12:30,43.801,87.6005,58.15,48,0,6.71
139,Grindavik,IS,2022-06-03 21:12:30,63.8424,-22.4338,45.07,81,100,14.97
140,Hecun,CN,2022-06-03 21:12:30,36.5333,114.1111,79.68,41,98,4.12
141,Kalur Kot,PK,2022-06-03 21:12:31,32.1564,71.2594,91.51,8,3,6.08
142,Barrow,US,2022-06-03 21:05:06,71.2906,-156.7887,30.22,86,100,19.57
143,Itarema,BR,2022-06-03 21:09:40,-2.9248,-39.9167,77.36,86,100,7.78
144,Bonthe,SL,2022-06-03 21:12:31,7.5264,-12.505,79.36,85,36,9.17
145,Micheweni,TZ,2022-06-03 21:12:32,-4.9667,39.8333,77.32,79,2,15.19
146,Oksfjord,NO,2022-06-03 21:12:32,70.2396,22.3479,55.58,76,98,5.61
147,Opuwo,NA,2022-06-03 21:12:33,-18.0607,13.84,58.08,42,41,8.77
148,Portland,US,2022-06-03 21:07:36,45.5234,-122.6762,66.24,66,100,8.05
149,Hasaki,JP,2022-06-03 21:12:33,35.7333,140.8333,61.29,77,87,12.57
150,Tebingtinggi,ID,2022-06-03 21:12:33,3.3285,99.1625,73.08,96,100,3.78
151,Lodja,CD,2022-06-03 21:12:34,-3.4833,23.4333,73.27,65,19,2.42
152,Morehead,US,2022-06-03 21:12:34,37.2711,-87.1764,80.78,32,0,6.91
153,Maniitsoq,GL,2022-06-03 21:12:35,65.4167,-52.9,46.99,58,26,7.16
154,Batagay-Alyta,RU,2022-06-03 21:12:35,67.8006,130.4114,50.13,69,64,2.53
155,Cayenne,GF,2022-06-03 21:12:35,4.9333,-52.3333,81.09,1,0,0.0
156,Upernavik,GL,2022-06-03 21:12:36,72.7868,-56.1549,32.79,89,86,9.13
157,Coquimbo,CL,2022-06-03 21:08:05,-29.9533,-71.3436,60.53,55,0,6.91
158,San Patricio,US,2022-06-03 21:05:14,28.017,-97.5169,97.52,48,96,8.52
159,Skibbereen,IE,2022-06-03 21:12:36,51.55,-9.2667,58.1,87,59,4.07
160,Dickinson,US,2022-06-03 21:11:16,29.4608,-95.0513,92.16,58,40,13.8
161,Katsuura,JP,2022-06-03 21:12:37,35.1333,140.3,64.76,75,100,14.88
162,Geraldton,AU,2022-06-03 21:12:37,-28.7667,114.6,48.61,81,47,2.3
163,Itanhaem,BR,2022-06-03 21:08:22,-24.1831,-46.7889,65.46,91,100,7.92
164,Haverfordwest,GB,2022-06-03 21:12:38,51.8017,-4.9691,59.25,78,42,1.01
165,Maraba,BR,2022-06-03 21:12:38,-5.3686,-49.1178,84.38,74,20,3.44
166,Kargasok,RU,2022-06-03 21:12:38,59.0556,80.8572,29.37,84,70,7.67
167,General Salgado,BR,2022-06-03 21:12:39,-20.6483,-50.3606,73.15,59,26,6.76
168,Illintsi,UA,2022-06-03 21:12:39,49.1048,29.2177,55.24,80,0,4.7
169,Den Helder,NL,2022-06-03 21:12:40,52.9599,4.7593,59.02,79,100,24.0
170,Safonovo,RU,2022-06-03 21:12:40,55.15,33.2167,47.79,91,1,5.48
171,Isangel,VU,2022-06-03 21:07:47,-19.55,169.2667,75.29,77,6,8.9
172,Broome,US,2022-06-03 21:12:40,42.2506,-75.833,74.17,48,40,16.11
173,Hithadhoo,MV,2022-06-03 21:12:41,-0.6,73.0833,83.73,70,80,11.54
174,Gayny,RU,2022-06-03 21:12:41,60.3071,54.3241,44.94,69,0,6.85
175,Zaoyang,CN,2022-06-03 21:12:41,32.1272,112.7542,75.31,93,8,3.13
176,Kijang,KR,2022-06-03 21:12:42,35.2442,129.2139,62.89,87,48,10.69
177,Namatanai,PG,2022-06-03 21:12:42,-3.6667,152.4333,80.24,80,30,6.38
178,Narsaq,GL,2022-06-03 21:12:43,60.9167,-46.05,62.82,36,1,1.77
179,Ust-Kuyga,RU,2022-06-03 21:13:48,70.0167,135.6,45.95,93,100,2.51
180,Tiarei,PF,2022-06-03 21:13:48,-17.5333,-149.3333,84.22,79,99,13.49
181,Ambon,ID,2022-06-03 21:13:48,-3.6954,128.1814,75.34,94,40,2.3
182,Srandakan,ID,2022-06-03 21:13:49,-7.9386,110.2506,74.48,84,81,3.04
183,Sosua,DO,2022-06-03 21:13:49,19.7667,-70.5167,94.98,74,20,11.5
184,Riberalta,BO,2022-06-03 21:13:49,-10.9833,-66.1,75.4,83,75,17.27
185,Labuhan,ID,2022-06-03 21:13:50,-6.8844,112.2051,76.6,88,69,6.89
186,Paamiut,GL,2022-06-03 21:13:50,61.994,-49.6678,41.0,54,10,2.64
187,Taltal,CL,2022-06-03 21:13:50,-25.4,-70.4833,66.9,45,51,1.9
188,Tessalit,ML,2022-06-03 21:13:51,20.1986,1.0114,95.59,7,3,14.09
189,Chilca,PE,2022-06-03 21:13:51,-12.5211,-76.7372,65.62,80,69,4.83
190,Port Hardy,CA,2022-06-03 21:13:52,50.6996,-127.4199,57.38,94,75,5.75
191,Port Elizabeth,ZA,2022-06-03 21:13:52,-33.918,25.5701,60.31,31,0,1.99
192,Luanda,AO,2022-06-03 21:13:52,-8.8368,13.2343,72.43,88,24,11.3
193,Necochea,AR,2022-06-03 21:13:53,-38.5473,-58.7368,46.38,65,73,10.0
194,Thompson,CA,2022-06-03 21:13:53,55.7435,-97.8558,43.59,73,100,11.27
195,Nanortalik,GL,2022-06-03 21:13:53,60.1432,-45.2371,45.52,53,0,4.65
196,Bengkulu,ID,2022-06-03 21:13:54,-3.8004,102.2655,75.34,86,75,3.53
197,Castro,BR,2022-06-03 21:03:50,-24.7911,-50.0119,54.07,91,97,7.2
198,Aksu,CN,2022-06-03 21:13:54,41.1231,80.2644,71.69,32,98,7.99
199,Mecca,SA,2022-06-03 21:13:55,21.4267,39.8261,91.85,25,0,5.39
200,Bethel,US,2022-06-03 21:05:12,41.3712,-73.414,79.66,60,20,4.61
201,Byron Bay,AU,2022-06-03 21:13:55,-28.65,153.6167,59.94,90,83,9.8
202,Pangnirtung,CA,2022-06-03 21:13:55,66.1451,-65.7125,40.6,93,98,3.47
203,Lagos,NG,2022-06-03 21:10:09,6.5833,3.75,80.47,82,100,6.2
204,Horta,PT,2022-06-03 21:13:56,38.5333,-28.6333,65.17,91,98,15.35
205,Ahipara,NZ,2022-06-03 21:13:56,-35.1667,173.1667,58.12,70,90,7.47
206,Vao,NC,2022-06-03 21:13:56,-22.6667,167.4833,70.9,64,3,11.81
207,Faanui,PF,2022-06-03 21:13:57,-16.4833,-151.75,79.11,76,99,8.68
208,Ossora,RU,2022-06-03 21:13:57,59.2353,163.0719,51.46,50,39,0.92
209,Hambantota,LK,2022-06-03 21:13:57,6.1241,81.1185,79.12,82,100,18.54
210,Safford,US,2022-06-03 21:12:24,32.834,-109.7076,96.12,8,0,5.75
211,Road Town,VG,2022-06-03 21:11:25,18.4167,-64.6167,84.24,70,20,9.22
212,Brattleboro,US,2022-06-03 21:09:14,42.8509,-72.5579,82.22,61,43,5.99
213,Havre-Saint-Pierre,CA,2022-06-03 21:13:59,50.2334,-63.5986,48.87,75,49,8.77
214,Georgetown,MY,2022-06-03 21:04:05,5.4112,100.3354,82.33,78,40,3.44
215,Ust-Nera,RU,2022-06-03 21:13:59,64.5667,143.2,64.06,43,32,1.61
216,Qasigiannguit,GL,2022-06-03 21:06:28,68.8193,-51.1922,39.45,64,61,2.93
217,Poya,NC,2022-06-03 21:14:00,-21.35,165.15,70.83,76,3,5.41
218,Kualakapuas,ID,2022-06-03 21:14:00,-3.0091,114.3876,73.04,98,74,1.66
219,Inirida,CO,2022-06-03 21:14:00,3.8653,-67.9239,73.17,96,100,1.81
220,Piranhas,BR,2022-06-03 21:14:01,-16.4269,-51.8222,84.65,33,44,7.49
221,Celestun,MX,2022-06-03 21:14:01,20.8667,-90.4,82.51,71,25,12.19
222,Rundu,NA,2022-06-03 21:14:01,-17.9333,19.7667,52.75,53,3,6.4
223,Makokou,GA,2022-06-03 21:14:02,0.5738,12.8642,70.07,96,94,2.64
224,Batagay,RU,2022-06-03 21:14:02,67.6333,134.6333,62.67,60,81,1.23
225,Namtsy,RU,2022-06-03 21:14:03,62.7161,129.6658,62.78,63,3,3.18
226,Pevek,RU,2022-06-03 21:15:03,69.7008,170.3133,29.79,91,100,16.51
227,Salalah,OM,2022-06-03 21:15:03,17.0151,54.0924,84.29,79,20,2.3
228,Manokwari,ID,2022-06-03 21:15:04,-0.8667,134.0833,78.6,76,100,1.97
229,Iqaluit,CA,2022-06-03 21:15:05,63.7506,-68.5145,44.33,57,20,3.44
230,Westport,US,2022-06-03 21:15:05,41.1415,-73.3579,81.28,70,0,5.75
231,Abu Samrah,SY,2022-06-03 21:15:06,35.3029,37.1841,74.23,31,0,8.97
232,Bilibino,RU,2022-06-03 21:15:06,68.0546,166.4372,37.78,53,50,8.48
233,Carnarvon,AU,2022-06-03 21:06:27,-24.8667,113.6333,63.21,46,7,13.13
234,Rocha,UY,2022-06-03 21:06:23,-34.4833,-54.3333,44.62,78,20,3.47
235,Richards Bay,ZA,2022-06-03 21:15:07,-28.783,32.0377,63.72,75,0,11.7
236,Vostok,RU,2022-06-03 21:00:27,46.4856,135.8833,43.63,87,100,2.3
237,Segamat,MY,2022-06-03 21:10:07,2.5148,102.8158,75.96,89,97,2.26
238,Fjerritslev,DK,2022-06-03 21:15:07,57.0813,9.2664,53.46,89,33,17.29
239,Kaeo,NZ,2022-06-03 21:15:08,-35.1,173.7833,56.98,72,99,4.61
240,Zyryanka,RU,2022-06-03 21:15:08,65.75,150.85,63.77,44,99,5.03
241,Vrangel,RU,2022-06-03 21:15:08,42.7297,133.0839,48.58,86,100,13.53
242,Honiara,SB,2022-06-03 21:15:09,-9.4333,159.95,79.41,84,95,5.21
243,Stillwater,US,2022-06-03 21:14:49,36.1156,-97.0584,80.87,43,0,0.0
244,Kungurtug,RU,2022-06-03 21:15:10,50.5994,97.5228,35.1,66,7,2.13
245,Ulaangom,MN,2022-06-03 21:15:10,49.9811,92.0667,49.78,37,23,3.11
246,Pilot Butte,CA,2022-06-03 21:15:10,50.4668,-104.4178,71.33,24,20,11.5
247,Pleszew,PL,2022-06-03 21:15:11,51.8964,17.7855,58.73,70,59,8.03
248,Egvekinot,RU,2022-06-03 21:15:11,66.3167,-179.1667,31.78,92,100,5.59
249,Trapani,IT,2022-06-03 21:15:12,37.8333,12.6667,81.28,53,0,2.3
250,Ribeira Grande,PT,2022-06-03 21:06:21,38.5167,-28.7,65.55,92,98,16.22
251,Nampula,MZ,2022-06-03 21:15:12,-15.1165,39.2666,60.93,91,41,3.11
252,Kakhun,RU,2022-06-03 21:15:12,43.5431,43.8764,65.44,79,100,1.81
253,Shelburne,CA,2022-06-03 21:15:13,44.0787,-80.2041,72.05,56,35,11.03
254,Jamkhed,IN,2022-06-03 21:15:13,18.7362,75.3121,87.12,32,84,13.6
255,Caravelas,BR,2022-06-03 21:15:13,-17.7125,-39.2481,73.76,86,67,7.11
256,Saskylakh,RU,2022-06-03 21:15:14,71.9167,114.0833,37.27,99,100,5.57
257,Winnemucca,US,2022-06-03 21:15:14,40.973,-117.7357,80.65,18,20,6.91
258,Benguela,AO,2022-06-03 21:15:14,-12.5763,13.4055,73.78,66,11,2.73
259,Caldelas,PT,2022-06-03 21:10:51,41.671,-8.3815,63.7,94,70,2.1
260,Sitka,US,2022-06-03 21:14:50,57.0531,-135.33,66.09,48,75,4.61
261,Primo Tapia,MX,2022-06-03 21:15:15,32.22,-116.9172,74.61,66,86,5.82
262,Anadyr,RU,2022-06-03 21:15:15,64.75,177.4833,44.01,70,86,6.71
263,Shunyi,CN,2022-06-03 21:15:17,40.125,116.6453,75.15,69,0,4.47
264,Lagoa,PT,2022-06-03 21:15:18,39.05,-27.9833,64.83,89,100,5.03
265,Eureka,US,2022-06-03 21:15:15,40.8021,-124.1637,65.68,82,100,4.0
266,Monte Escobedo,MX,2022-06-03 21:15:18,22.3,-103.5833,73.65,35,83,5.19
267,San Cristobal,VE,2022-06-03 21:15:18,7.7669,-72.225,78.98,69,86,5.82
268,Mayya,RU,2022-06-03 21:15:19,61.7333,130.2811,58.32,66,28,2.95
269,Marawi,PH,2022-06-03 21:15:19,7.9986,124.2928,67.55,93,10,2.06
270,La Peca,PE,2022-06-03 21:15:19,-5.6111,-78.435,79.36,63,98,3.56
271,Talnakh,RU,2022-06-03 21:16:20,69.4865,88.3972,40.6,69,100,14.05
272,Tuktoyaktuk,CA,2022-06-03 21:06:22,69.4541,-133.0374,32.85,85,99,12.57
273,Guerrero Negro,MX,2022-06-03 21:16:20,27.9769,-114.0611,72.48,51,0,16.71
274,Mnogovershinnyy,RU,2022-06-03 21:16:21,53.9353,139.9242,49.15,65,18,1.81
275,Inzer,RU,2022-06-03 21:16:21,54.2167,57.5556,55.36,97,89,2.95
276,Chengde,CN,2022-06-03 21:16:21,40.9725,117.9361,71.35,54,100,3.69
277,San Andres,CO,2022-06-03 21:16:22,12.5847,-81.7006,82.85,73,100,10.89
278,Bobrovytsya,UA,2022-06-03 21:16:22,50.75,31.3833,55.65,78,0,4.47
279,Cidreira,BR,2022-06-03 21:16:22,-30.1811,-50.2056,57.47,75,99,4.32
280,Galesong,ID,2022-06-03 21:16:23,-5.3166,119.3661,75.22,83,100,6.62
281,Nova Vicosa,BR,2022-06-03 21:16:23,-17.8919,-39.3719,74.52,85,63,9.64
282,Neustrelitz,DE,2022-06-03 21:16:24,53.3667,13.0833,52.75,84,88,8.68
283,Bayan,CN,2022-06-03 21:16:24,46.0833,127.4,58.28,74,95,15.99
284,Leh,IN,2022-06-03 21:16:24,34.1667,77.5833,47.08,53,19,5.53
285,Los Andes,CL,2022-06-03 21:16:25,-32.8337,-70.5983,50.02,85,100,2.3
286,Talara,PE,2022-06-03 21:16:25,-4.5772,-81.2719,72.36,68,0,5.75
287,Kavaratti,IN,2022-06-03 21:16:25,10.5669,72.642,83.1,72,89,18.97
288,Adrar,MR,2022-06-03 21:16:26,20.5022,-10.0711,89.71,24,98,19.01
289,Venado Tuerto,AR,2022-06-03 21:16:26,-33.7456,-61.9688,52.77,43,72,10.4
290,Carmen,MX,2022-06-03 21:16:20,18.6333,-91.8333,86.04,70,75,0.0
291,Boyolangu,ID,2022-06-03 21:16:26,-8.1181,111.8935,75.94,88,78,1.79
292,Ancud,CL,2022-06-03 21:16:27,-41.8697,-73.8203,46.04,91,100,15.08
293,Xiaoweizhai,CN,2022-06-03 21:16:27,26.1903,107.5125,70.21,99,100,1.3
294,Pendleton,US,2022-06-03 21:16:27,45.6721,-118.7886,72.0,78,100,20.71
295,Grand Forks,US,2022-06-03 21:14:25,47.9417,-97.4337,73.13,20,40,18.41
296,Pittsburg,US,2022-06-03 21:16:31,38.028,-121.8847,79.29,57,0,12.66
297,Tucano,BR,2022-06-03 21:16:31,-10.9631,-38.7867,74.73,73,99,5.79
298,Ostrovnoy,RU,2022-06-03 21:16:31,68.0531,39.5131,47.89,58,67,22.57
299,Kaihua,CN,2022-06-03 21:16:32,23.3687,104.28,65.77,94,100,3.69
300,Okhotsk,RU,2022-06-03 21:16:32,59.3833,143.3,43.83,83,76,0.76
301,Ballina,AU,2022-06-03 21:16:32,-28.8667,153.5667,60.01,94,81,12.35
302,Tamiahua,MX,2022-06-03 21:16:33,21.2667,-97.45,87.75,54,26,14.09
303,Lufilufi,WS,2022-06-03 21:16:33,-13.8745,-171.5986,87.58,72,5,6.17
304,Taperoa,BR,2022-06-03 21:16:34,-7.2075,-36.8267,71.46,87,89,5.01
305,Aykhal,RU,2022-06-03 21:16:34,66.0,111.5,56.84,70,100,6.11
306,Khandyga,RU,2022-06-03 21:16:34,62.6667,135.6,63.34,61,44,2.26
307,Buxtehude,DE,2022-06-03 21:16:35,53.45,9.7,60.48,68,100,8.05
308,Pyapon,MM,2022-06-03 21:16:35,16.2833,95.6833,79.56,86,100,4.5
309,Meulaboh,ID,2022-06-03 21:16:35,4.1363,96.1285,75.79,82,100,2.01
310,Sri Aman,MY,2022-06-03 21:16:36,1.2376,111.4621,73.78,99,100,0.96
311,Saint-Joseph,RE,2022-06-03 21:16:36,-21.3667,55.6167,70.18,73,19,13.76
312,Baoding,CN,2022-06-03 21:16:36,38.8511,115.4903,81.41,34,100,1.25
313,Tigil,RU,2022-06-03 21:16:37,57.8,158.6667,49.89,53,1,4.36
314,Lasa,IT,2022-06-03 21:16:37,46.6166,10.7002,59.36,94,99,1.74
315,Monroe,US,2022-06-03 21:12:39,43.1501,-77.6831,76.35,41,40,11.5
316,Sorada,IN,2022-06-03 21:16:37,19.75,84.4333,82.85,81,100,0.74
317,Hovd,MN,2022-06-03 21:17:38,48.0056,91.6419,53.26,31,0,4.21
318,Constitucion,CL,2022-06-03 21:17:38,-35.3333,-72.4167,53.65,94,100,23.0
319,Binghamton,US,2022-06-03 21:12:56,42.0987,-75.918,74.48,48,40,16.11
320,Acarau,BR,2022-06-03 21:17:38,-2.8856,-40.12,78.03,85,100,8.28
321,Terme,TR,2022-06-03 21:17:39,41.2092,36.9739,66.13,93,51,6.2
322,Ewa Beach,US,2022-06-03 21:17:39,21.3156,-158.0072,84.15,55,75,11.5
323,Onega,RU,2022-06-03 21:17:41,63.9061,38.1404,54.43,99,100,6.26
324,Beringovskiy,RU,2022-06-03 21:17:42,63.05,179.3167,41.7,73,28,5.66
325,College,US,2022-06-03 21:17:42,64.8569,-147.8028,78.58,29,40,3.44
326,Sao Felix Do Xingu,BR,2022-06-03 21:17:42,-6.6447,-51.995,77.83,77,99,0.96
327,Fortuna,US,2022-06-03 21:17:43,40.5982,-124.1573,63.93,84,100,8.05
328,Kizhinga,RU,2022-06-03 21:17:43,51.8462,109.9097,49.95,92,100,4.74
329,Sao Raimundo Das Mangabeiras,BR,2022-06-03 21:17:43,-7.0219,-45.4811,82.06,54,100,1.83
330,Buzovna,AZ,2022-06-03 21:17:44,40.5179,50.1139,69.89,73,0,0.0
331,Port Lincoln,AU,2022-06-03 21:17:44,-34.7333,135.8667,56.61,69,83,17.2
332,Sobolevo,RU,2022-06-03 21:17:44,54.4299,31.8996,48.88,89,3,5.53
333,Mar Del Plata,AR,2022-06-03 21:15:45,-38.0023,-57.5575,51.1,71,0,4.61
334,Kununurra,AU,2022-06-03 21:16:53,-15.7667,128.7333,76.98,78,45,6.91
335,Kutum,SD,2022-06-03 21:17:47,14.2,24.6667,78.06,44,67,14.29
336,Huarmey,PE,2022-06-03 21:17:48,-10.0681,-78.1522,69.15,74,78,9.82
337,Tomatlan,MX,2022-06-03 21:17:48,19.9333,-105.25,85.89,48,6,11.03
338,Banswara,IN,2022-06-03 21:17:48,23.55,74.45,85.89,47,2,14.05
339,Cap Malheureux,MU,2022-06-03 21:17:49,-19.9842,57.6142,74.46,72,67,4.0
340,Oranjemund,NA,2022-06-03 21:17:49,-28.55,16.4333,60.46,39,41,6.17
341,Maun,BW,2022-06-03 21:17:49,-19.9833,23.4167,57.16,51,0,9.22
342,Aden,YE,2022-06-03 21:17:50,12.7794,45.0367,85.95,74,97,18.05
343,Broken Hill,AU,2022-06-03 21:17:50,-31.95,141.4333,49.32,78,100,13.73
344,Tateyama,JP,2022-06-03 21:17:50,34.9833,139.8667,68.09,75,99,11.95
345,Zawadzkie,PL,2022-06-03 21:17:51,50.605,18.4847,67.01,66,100,7.9
346,Vardo,NO,2022-06-03 21:17:51,70.3705,31.1107,42.78,93,100,11.5
347,Coihaique,CL,2022-06-03 21:17:52,-45.5752,-72.0662,36.21,94,95,3.0
348,The Pas,CA,2022-06-03 21:17:52,53.8251,-101.2541,51.82,43,100,13.8
349,Iralaya,HN,2022-06-03 21:17:52,15.0,-83.2333,84.52,70,83,6.11
350,Waipawa,NZ,2022-06-03 21:17:53,-41.4122,175.5153,47.57,81,56,4.85
351,Kodinsk,RU,2022-06-03 21:17:53,58.6881,99.1844,35.47,80,8,11.5
352,Naze,JP,2022-06-03 21:17:53,28.3667,129.4833,70.72,89,100,11.68
353,Monte Alegre,BR,2022-06-03 21:17:54,-2.0078,-54.0692,77.07,92,75,4.16
354,Jedburgh,GB,2022-06-03 21:17:54,55.48,-2.552,49.91,98,4,5.84
355,Nizwa,OM,2022-06-03 21:17:54,22.9333,57.5333,83.41,31,1,2.13
356,Mount Isa,AU,2022-06-03 21:17:54,-20.7333,139.5,58.77,72,40,9.22
357,San Antonio,US,2022-06-03 21:16:32,29.4241,-98.4936,97.25,44,20,10.36
358,Waddan,LY,2022-06-03 21:17:55,29.1614,16.139,79.29,34,0,15.7
359,Carutapera,BR,2022-06-03 21:17:55,-1.195,-46.02,77.29,87,99,5.99
360,Nerchinskiy Zavod,RU,2022-06-03 21:17:56,51.3088,119.61,52.39,92,100,7.07
361,Karratha,AU,2022-06-03 21:17:56,-20.7377,116.8463,63.28,62,11,11.92
362,Padang,ID,2022-06-03 21:18:56,-0.9492,100.3543,77.04,80,92,3.04
363,Waycross,US,2022-06-03 21:18:57,31.2136,-82.354,94.98,51,42,1.99
364,Semey,KZ,2022-06-03 21:18:57,50.4111,80.2275,57.15,74,66,8.52
365,Ormara,PK,2022-06-03 21:18:57,25.2088,64.6357,81.3,87,1,19.91
366,Hofn,IS,2022-06-03 21:18:58,64.2539,-15.2082,51.13,85,100,14.09
367,Athabasca,CA,2022-06-03 21:15:59,54.7169,-113.2854,73.81,35,10,6.64
368,Statesboro,US,2022-06-03 21:18:58,32.4488,-81.7832,89.38,40,40,6.91
369,San Vicente,AR,2022-06-03 21:18:58,-26.6167,-54.1333,50.67,92,3,3.4
370,Chateaubelair,VC,2022-06-03 21:18:59,13.2833,-61.25,79.32,83,75,11.5
371,Palencia,ES,2022-06-03 21:18:59,42.4167,-4.5,68.79,48,94,10.78
372,Las Cruces,US,2022-06-03 21:18:00,32.3123,-106.7783,99.37,16,0,12.66
373,Naica,MX,2022-06-03 21:18:59,27.85,-105.4833,90.63,19,5,7.78
374,Berbera,SO,2022-06-03 21:19:00,10.4396,45.0143,85.64,73,61,3.58
375,Tuatapere,NZ,2022-06-03 21:19:00,-46.1333,167.6833,39.69,87,97,4.43
376,Dingle,PH,2022-06-03 21:19:00,10.9995,122.6711,77.05,86,35,2.73
377,Aksarka,RU,2022-06-03 21:19:01,66.5606,67.7975,30.67,70,11,22.17
378,Saint George,US,2022-06-03 21:14:53,37.1041,-113.5841,96.64,10,0,11.5
379,Altamira,BR,2022-06-03 21:19:01,-3.2033,-52.2064,80.69,94,40,0.0
380,Wajima,JP,2022-06-03 21:19:02,37.4,136.9,59.9,73,98,10.11
381,Chirala,IN,2022-06-03 21:19:02,15.8167,80.35,87.55,66,97,18.95
382,Lucapa,AO,2022-06-03 21:19:02,-8.4192,20.7447,68.04,51,38,3.09
383,Totma,RU,2022-06-03 21:19:03,59.9747,42.7642,59.09,99,100,3.96
384,Asha,RU,2022-06-03 21:19:03,54.9973,57.2722,54.64,97,99,2.66
385,Srednekolymsk,RU,2022-06-03 21:19:03,67.45,153.6833,45.41,49,100,16.55
386,Chernogorsk,RU,2022-06-03 21:19:04,53.8236,91.2842,46.53,93,0,2.24
387,Comodoro Rivadavia,AR,2022-06-03 21:19:04,-45.8667,-67.5,44.46,49,0,4.61
388,Mwinilunga,ZM,2022-06-03 21:19:04,-11.7358,24.4293,55.36,69,86,5.46
389,Dera Ghazi Khan,PK,2022-06-03 21:19:05,30.0561,70.6348,91.72,6,0,4.59
390,Kilindoni,TZ,2022-06-03 21:19:05,-7.9139,39.6668,80.04,68,0,18.95
391,Flinders,AU,2022-06-03 21:19:06,-34.5833,150.8552,53.19,67,62,11.99
392,Calvia,ES,2022-06-03 21:19:06,39.5657,2.5062,75.07,68,83,6.29
393,Vila Do Maio,CV,2022-06-03 21:19:06,15.1333,-23.2167,75.99,82,51,20.07
394,Thinadhoo,MV,2022-06-03 21:19:07,0.5333,72.9333,83.08,73,97,12.41
395,Makakilo City,US,2022-06-03 21:15:28,21.3469,-158.0858,82.72,56,75,11.5
396,Belmonte,BR,2022-06-03 21:19:07,-15.8631,-38.8828,73.99,81,100,7.0
397,Zhezkazgan,KZ,2022-06-03 21:19:07,47.8043,67.7144,62.73,56,31,6.8
398,Amurzet,RU,2022-06-03 21:19:08,47.6967,131.0981,48.24,86,24,9.62
399,Dire,ML,2022-06-03 21:19:08,12.2833,-10.9667,82.74,55,97,7.99
400,Jalu,LY,2022-06-03 21:19:08,29.0331,21.5482,82.42,33,0,18.75
401,Manjacaze,MZ,2022-06-03 21:19:09,-24.7117,33.8828,60.84,92,0,2.35
402,Novikovo,RU,2022-06-03 21:19:09,51.1537,37.8879,58.19,91,33,8.66
403,Basco,PH,2022-06-03 21:19:10,20.4487,121.9702,84.33,77,97,16.87
404,San Pedro,PH,2022-06-03 21:19:10,14.35,121.0167,81.36,87,20,0.0
405,Sinnamary,GF,2022-06-03 21:19:10,5.3833,-52.95,77.72,85,100,10.8
406,Lampitak,PH,2022-06-03 21:19:11,6.4322,125.0525,67.14,91,98,0.29
407,Sakaiminato,JP,2022-06-03 21:20:11,35.55,133.2333,66.18,77,40,11.5
408,Rancho Palos Verdes,US,2022-06-03 21:17:31,33.7445,-118.387,80.46,73,40,8.05
409,Sao Filipe,CV,2022-06-03 21:20:12,14.8961,-24.4956,77.65,67,62,12.97
410,Atraulia,IN,2022-06-03 21:20:12,26.3333,82.95,95.4,12,100,5.41
411,Albanel,CA,2022-06-03 21:20:12,48.8832,-72.4487,55.54,94,100,11.5
412,Manggar,ID,2022-06-03 21:20:12,-2.8833,108.2667,80.78,79,100,5.48
413,Vila Franca Do Campo,PT,2022-06-03 21:20:13,37.7167,-25.4333,64.81,90,85,4.76
414,Ekhabi,RU,2022-06-03 21:20:13,53.5102,142.9671,42.67,86,70,5.73
415,Kenora,CA,2022-06-03 21:20:14,49.8167,-94.4337,58.17,30,40,13.8
416,Dodola,ET,2022-06-03 21:20:14,6.9833,39.1833,53.46,83,71,3.13
417,Natal,BR,2022-06-03 21:20:14,-5.795,-35.2094,79.02,89,40,3.44
418,Port Blair,IN,2022-06-03 21:20:15,11.6667,92.75,81.36,83,97,12.26
419,Gravelbourg,CA,2022-06-03 21:20:15,49.8834,-106.5512,70.07,18,20,5.97
420,Santa Rosa,PH,2022-06-03 21:20:15,14.3122,121.1114,82.11,85,93,3.22
421,Quatre Cocos,MU,2022-06-03 21:20:16,-20.2078,57.7625,75.31,73,89,17.9
422,Namibe,AO,2022-06-03 21:20:16,-15.1961,12.1522,72.23,59,18,3.42
423,Aldan,RU,2022-06-03 21:20:16,58.6031,125.3894,51.08,72,5,5.26
424,Huntingdon,GB,2022-06-03 21:15:17,52.3305,-0.1865,59.77,74,76,5.01
425,Komsomolskiy,UZ,2022-06-03 21:20:17,40.4272,71.7189,72.32,37,40,4.61
426,Whitehorse,CA,2022-06-03 21:20:17,60.7161,-135.0538,74.8,13,75,4.61
427,Borskoye,RU,2022-06-03 21:20:18,53.0333,51.7167,63.99,72,98,4.12
428,Outjo,NA,2022-06-03 21:20:18,-20.1167,16.15,54.46,42,12,11.21
429,Waverly,US,2022-06-03 21:18:47,42.7392,-84.6208,78.73,24,0,20.71
430,Shahr-E Babak,IR,2022-06-03 21:20:18,30.1165,55.1186,69.58,17,0,13.24
431,Tiruchchendur,IN,2022-06-03 21:20:19,8.4833,78.1167,83.64,69,54,8.37
432,Gillette,US,2022-06-03 21:20:19,44.2911,-105.5022,68.92,58,40,12.66
433,Bowen,AU,2022-06-03 21:20:19,-20.0167,148.2333,68.94,84,14,3.15
434,Singleton,AU,2022-06-03 21:16:38,-32.5667,151.1833,47.98,90,74,8.99
435,Abalak,RU,2022-06-03 21:20:20,58.1286,68.5944,36.57,61,77,4.94
436,Adwa,ET,2022-06-03 21:20:20,14.1646,38.8955,68.85,28,22,3.42
437,Faribault,US,2022-06-03 21:20:21,44.295,-93.2688,71.73,23,0,6.91
438,Rio Gallegos,AR,2022-06-03 21:20:21,-51.6226,-69.2181,37.45,60,0,8.05
439,Maningrida,AU,2022-06-03 21:20:21,-12.0667,134.2667,73.35,96,97,8.48
440,Samfya,ZM,2022-06-03 21:20:22,-11.3649,29.5565,56.05,70,0,5.91
441,Naron,ES,2022-06-03 21:20:22,43.5167,-8.1528,63.43,95,100,7.38
442,Copiapo,CL,2022-06-03 21:20:22,-27.3667,-70.3333,62.29,17,98,5.19
443,Shenjiamen,CN,2022-06-03 21:20:23,29.9576,122.298,69.53,99,100,8.23
444,Kudahuvadhoo,MV,2022-06-03 21:20:23,2.6708,72.8944,83.19,73,78,15.19
445,Pionerskiy,RU,2022-06-03 21:20:23,54.9508,20.2275,49.75,78,3,0.94
446,Popondetta,PG,2022-06-03 21:20:24,-8.7537,148.2534,74.7,84,99,2.48
447,Camana,PE,2022-06-03 21:20:24,-16.6228,-72.7111,67.41,75,99,6.33
448,Kavieng,PG,2022-06-03 21:20:24,-2.5744,150.7967,81.46,73,56,9.73
449,Deniliquin,AU,2022-06-03 21:20:25,-35.5333,144.9667,47.44,86,99,8.28
450,Saint-Leu,RE,2022-06-03 21:20:25,-21.15,55.2833,71.31,67,15,7.87
451,Makungu,TZ,2022-06-03 21:20:25,-8.7333,35.2833,53.13,83,2,1.39
452,Grand Gaube,MU,2022-06-03 21:20:26,-20.0064,57.6608,75.6,72,76,7.0
453,Port Arthur,CN,2022-06-03 21:20:26,38.8,121.2667,66.42,83,100,12.08
454,Iberia,US,2022-06-03 21:20:26,29.9502,-91.7507,87.96,55,0,12.66
455,Lakselv,NO,2022-06-03 21:21:27,70.0513,24.9718,53.42,87,75,9.22
456,Trairi,BR,2022-06-03 21:17:48,-3.2778,-39.2689,77.16,85,100,6.55
457,Rjukan,NO,2022-06-03 21:21:27,59.8789,8.5941,49.44,75,86,3.47
458,Tommot,RU,2022-06-03 21:21:27,58.9564,126.2925,54.48,69,4,3.31
459,Sumbe,AO,2022-06-03 21:21:28,-11.2061,13.8437,73.02,80,6,6.42
460,Araouane,ML,2022-06-03 21:21:12,18.9048,-3.5265,94.15,11,7,2.04
461,Haines Junction,CA,2022-06-03 21:21:28,60.7522,-137.5108,76.95,14,70,3.44
462,Betioky,MG,2022-06-03 21:21:29,-23.7167,44.3833,63.48,65,0,10.49
463,Mandalgovi,MN,2022-06-03 21:21:29,45.7625,106.2708,44.02,57,0,22.7
464,Kita,ML,2022-06-03 21:21:29,13.0349,-9.4895,93.51,26,71,3.29
465,Providencia,MX,2022-06-03 21:18:43,28.7167,-111.5833,99.21,44,0,17.74
466,Sohag,EG,2022-06-03 21:21:30,26.557,31.6948,87.82,21,100,5.19
467,Tipitapa,NI,2022-06-03 21:21:30,12.1973,-86.0971,87.94,57,42,12.46
468,Chapais,CA,2022-06-03 21:21:31,49.7834,-74.8492,53.38,79,100,8.68
469,Flin Flon,CA,2022-06-03 21:21:31,54.7682,-101.865,53.44,43,75,12.66
470,Vestmanna,FO,2022-06-03 21:21:31,62.1564,-7.1664,49.12,87,75,8.05
471,Olafsvik,IS,2022-06-03 21:21:32,64.8945,-23.7142,42.55,70,92,14.83
472,Kaitangata,NZ,2022-06-03 21:21:32,-46.2817,169.8464,40.23,86,18,6.53
473,Kibala,TD,2022-06-03 21:21:32,9.1104,18.3463,85.95,62,20,6.91
474,Nelson Bay,AU,2022-06-03 21:19:38,-32.7167,152.15,49.08,96,52,1.99
475,Camapua,BR,2022-06-03 21:21:33,-19.5314,-54.0439,75.9,58,68,5.32
476,Zarubino,RU,2022-06-03 21:21:33,42.63,131.0922,49.3,93,100,12.68
477,Coro,VE,2022-06-03 21:21:34,11.4045,-69.6734,85.17,70,82,21.68
478,Aripuana,BR,2022-06-03 21:21:34,-9.1667,-60.6333,85.46,60,43,0.65
479,Miandoab,IR,2022-06-03 21:21:34,36.9694,46.1027,73.78,54,34,2.24
480,Ingham,US,2022-06-03 21:21:35,42.6,-84.3833,76.95,24,0,12.66
481,Korla,CN,2022-06-03 21:21:35,41.7597,86.1469,65.89,52,84,18.48
482,Aban,RU,2022-06-03 21:21:35,56.67,96.06,35.2,76,67,4.25
483,Ostersund,SE,2022-06-03 21:21:36,63.1792,14.6357,51.62,87,40,14.97
484,Santa Maria,BR,2022-06-03 21:21:36,-29.6842,-53.8069,49.3,66,0,5.75
485,Buta,CD,2022-06-03 21:21:36,2.7858,24.73,69.85,94,84,2.08
486,Tombouctou,ML,2022-06-03 21:21:37,20.0,-3.0,97.05,9,100,4.56
487,Alice Springs,AU,2022-06-03 21:21:37,-23.7,133.8833,40.55,100,0,0.0
488,Kaili,ID,2022-06-03 21:21:37,-3.4626,120.2147,67.24,91,100,2.68
489,Baruun-Urt,MN,2022-06-03 21:21:13,46.6806,113.2792,55.87,73,100,8.1
490,Iquique,CL,2022-06-03 21:21:38,-20.2208,-70.1431,62.64,69,48,4.85
491,Atherton,GB,2022-06-03 21:21:38,53.5237,-2.4935,58.55,63,13,5.99
492,Kirensk,RU,2022-06-03 21:21:38,57.7853,108.1119,42.87,88,1,3.65
493,Muroto,JP,2022-06-03 21:21:39,33.2833,134.15,69.03,72,100,14.92
494,Gao,ML,2022-06-03 21:21:39,16.6362,1.637,94.66,12,17,8.68
495,Vila Velha,BR,2022-06-03 21:21:39,-20.3297,-40.2925,75.15,86,100,14.97
496,Plettenberg Bay,ZA,2022-06-03 21:21:40,-34.0527,23.3716,56.86,49,11,6.04
497,Brownsville,US,2022-06-03 21:17:12,25.9018,-97.4975,90.09,57,0,18.41
498,Saryg-Sep,RU,2022-06-03 21:21:40,51.5,95.6,39.16,56,14,4.83
499,Progreso,MX,2022-06-03 21:21:40,21.2833,-89.6667,89.71,72,39,10.94
500,Jasper,US,2022-06-03 21:21:41,37.2001,-94.3502,79.99,43,0,6.91
501,Altay,CN,2022-06-03 21:22:41,47.8667,88.1167,50.49,45,5,4.72
502,Fairbanks,US,2022-06-03 21:18:03,64.8378,-147.7164,78.6,29,0,3.44
503,Takoradi,GH,2022-06-03 21:22:42,4.8845,-1.7554,79.38,82,82,11.97
504,Kalmunai,LK,2022-06-03 21:22:42,7.4167,81.8167,78.37,86,99,7.31
505,Krasnokamensk,RU,2022-06-03 21:22:42,50.0979,118.0369,52.66,95,100,12.75
506,Cubuk,TR,2022-06-03 21:22:42,40.2386,33.0322,69.55,77,40,4.61
507,Khilok,RU,2022-06-03 21:22:43,51.3674,110.4676,49.96,99,100,4.0
508,Zhangjiakou,CN,2022-06-03 21:22:43,40.81,114.8794,63.05,90,100,2.95
509,Mount Gambier,AU,2022-06-03 21:22:03,-37.8333,140.7667,48.42,93,98,5.79
510,Tshikapa,CD,2022-06-03 21:22:44,-6.4167,20.8,76.24,48,26,3.02
511,Honjo,JP,2022-06-03 21:22:44,36.2333,139.1833,61.93,63,83,6.8
512,Bhaderwah,IN,2022-06-03 21:22:44,32.9784,75.7186,62.83,37,2,2.86
513,Wainwright,CA,2022-06-03 21:22:45,52.839,-110.8572,69.26,26,8,6.8
514,Ranong,TH,2022-06-03 21:22:45,9.9658,98.6348,78.96,87,100,10.11
515,Bonga,ET,2022-06-03 21:22:45,7.2833,36.2333,57.52,98,55,1.72
516,Bathsheba,BB,2022-06-03 21:22:46,13.2167,-59.5167,83.01,83,40,19.57
517,Male,MV,2022-06-03 21:22:46,4.1748,73.5089,82.4,77,100,17.58
518,Skjervoy,NO,2022-06-03 21:22:46,70.0311,20.9714,55.4,78,91,7.43
519,Sancti Spiritus,CU,2022-06-03 21:22:47,21.9297,-79.4425,81.61,73,100,14.65
520,Itacoatiara,BR,2022-06-03 21:22:47,-3.1431,-58.4442,82.13,78,93,2.37
521,Tiznit,MA,2022-06-03 21:22:47,29.5833,-9.5,59.45,79,0,5.37
522,Mangai,CD,2022-06-03 21:22:48,-4.05,19.5333,74.32,67,54,1.39
523,Yumen,CN,2022-06-03 21:22:48,40.2833,97.2,60.19,17,0,8.01
524,Canjulao,PH,2022-06-03 21:22:48,9.6605,124.3532,78.4,84,51,5.28
525,Evensk,RU,2022-06-03 21:22:49,61.95,159.2333,50.83,66,100,3.06
526,Sao Cristovao,BR,2022-06-03 21:19:02,-11.0147,-37.2064,76.91,88,75,1.14
527,Dubai,AE,2022-06-03 21:22:20,25.2582,55.3047,89.53,33,0,5.75
528,Ugep,NG,2022-06-03 21:22:49,5.8086,8.0812,75.58,90,96,7.34
529,Itupiranga,BR,2022-06-03 21:22:50,-5.1347,-49.3267,84.52,94,98,1.43
530,Nhulunbuy,AU,2022-06-03 21:22:50,-12.2333,136.7667,79.41,89,40,8.05
531,Severo-Kurilsk,RU,2022-06-03 21:22:50,50.6789,156.125,42.84,87,93,8.37
532,Teguldet,RU,2022-06-03 21:22:51,57.3064,88.1667,24.55,92,9,3.2
533,Termiz,UZ,2022-06-03 21:22:51,37.2242,67.2783,69.89,28,0,2.3
534,Okha,RU,2022-06-03 21:22:51,53.5739,142.9478,41.52,88,68,5.44
535,Mahibadhoo,MV,2022-06-03 21:21:18,3.7833,72.9667,82.49,76,100,16.73
536,Rubtsovsk,RU,2022-06-03 21:22:52,51.5,81.25,50.59,76,100,1.57
537,Gohpur,IN,2022-06-03 21:22:52,26.8833,93.6333,75.09,95,56,1.74
538,Alihe,CN,2022-06-03 21:22:52,50.5667,123.7167,52.47,97,100,2.86
539,Nyurba,RU,2022-06-03 21:22:53,63.2842,118.3319,56.12,77,21,4.76
540,Ilhabela,BR,2022-06-03 21:22:53,-23.7781,-45.3581,67.53,90,51,5.28
541,Celano,IT,2022-06-03 21:22:53,42.0855,13.5398,71.62,62,98,3.89
542,Santiago,CL,2022-06-03 21:22:54,-33.4569,-70.6483,55.85,81,100,3.44
543,Pangody,RU,2022-06-03 21:22:02,65.85,74.4859,33.64,80,100,25.23
544,Codrington,AU,2022-06-03 21:22:54,-38.2667,141.9667,46.51,94,71,12.57
545,Zaranj,AF,2022-06-03 21:22:54,30.9667,61.8833,84.16,14,0,29.42
546,Moron,AR,2022-06-03 21:22:55,-34.6534,-58.6198,50.0,74,52,6.11
547,Parana,AR,2022-06-03 21:22:55,-31.732,-60.5238,57.54,54,0,9.91
548,Baffa,PK,2022-06-03 21:22:55,34.4378,73.2194,72.3,20,4,6.91
549,Gamba,GA,2022-06-03 21:22:56,-2.65,10.0,73.63,91,63,5.19
550,Barentu,ER,2022-06-03 21:23:56,15.1139,37.5928,86.07,30,3,3.76
551,Gwadar,PK,2022-06-03 21:23:56,25.1216,62.3254,82.54,81,47,7.81
552,Puerto Del Rosario,ES,2022-06-03 21:23:57,28.5004,-13.8627,69.55,68,20,18.41
553,Santa Vitoria Do Palmar,BR,2022-06-03 21:23:57,-33.5189,-53.3681,48.54,82,19,5.75
554,Marzuq,YE,2022-06-03 21:23:57,14.4,46.4667,75.96,51,100,4.45
555,Gusau,NG,2022-06-03 21:23:58,12.1628,6.6614,88.03,28,91,11.43
